Albisser, Beat-MGB <Beat.Albisser@mgb.ch>; Boesch, Sabrina-MGB <Sabrina.Boesch@mgb.ch>; Burlet, Daniel-MGB <Daniel.Burlet@mgb.ch>; Kandrical, Raju John-MGB <RajuJohn.Kandrical@mgb.ch>; Müller, Alex-MGB <Alex.Mueller@mgb.ch>; Radovic, Aleksandar-MGB <Aleksandar.Radovic@mgb.ch>; Rieser, Benjamin-MGB <Benjamin.Rieser@mgb.ch>; Sanchez, Kevin-MGB <Kevin.Sanchez@mgb.ch>; Dosch, Franz-MGB <Franz.Dosch@mgb.ch>; Al Habash, Raeif-MGB <Raeif.Alhabash@mgb.ch>; Arquint, Nico-MGB <Nico.Arquint@mgb.ch>; Auf der Maur, Bruno-MGB <Bruno.AufderMaur@mgb.ch>; Beyazkilic, Kaan-MGB <Kaan.Beyazkilic@mgb.ch>; Büchi, Yannik Jérôme-MGB <Yannik.Buechi@mgb.ch>; Christen, Yanick-MGB <Yanick.Christen@mgb.ch>; Ersoy, Nils-MGB <Nils.Ersoy@mgb.ch>; Fischer, Yanik-MGB <Yanik.Fischer@mgb.ch>; Flück, Dominik-MGB <Dominik.Flueck@mgb.ch>; Frei, Rahel-MGB <Rahel.Frei@mgb.ch>; Fuentes, Samuel-MGB <Samuel.Fuentes@mgb.ch>; Gerber, Michael-MITS-MGB <michael.gerber-mits@mgb.ch>; Graf, Laurin-MGB <Laurin.Graf@mgb.ch>; Grob, Nils-Robin-MGB <Nils-Robin.Grob@mgb.ch>; Groner, Vincent-MGB; Heinzer, Colin-MGB <Colin.Heinzer@mgb.ch>; Hilzinger, Alexandra-MGB <Alexandra.Hilzinger@mgb.ch>; Hunkeler, Luca-MGB; Hüppi, Timon-MGB <Timon.Hueppi@mgb.ch>; Jose, Joel-MGB <Joel.Jose@mgb.ch>; Kiss, Philipp-MGB <Philipp.Kiss@mgb.ch>; Kobler, Nico-MGB <Nico.Kobler@mgb.ch>; Koller, Janis-MGB <Janis.Koller@mgb.ch>; Lutz, Nico-MGB <Nico.Lutz@mgb.ch>; Mäder, Nils-MGB <Nils.Maeder@mgb.ch>; Mettler, Gabriel-MGB <Gabriel.Mettler@mgb.ch>; Müller, Kevin-MGB <Kevin.Mueller@mgb.ch>; Ott, Sara-MGB <Sara.Ott@mgb.ch>; Piraccini, Yanick-MGB; Reusser, Sévérine-MGB <Severine.Reusser@mgb.ch>; Ringger, Cédric-MGB; Saul, Dominik-MGB <Dominik.Saul@mgb.ch>; Serretti, Diyar-MGB <diyar.serretti@mgb.ch>; Shanmuganathan, Arun-MGB <Arun.Shanmuganathan@mgb.ch>; Stojanovic, Djordje-MGB <Djordje.Stojanovic@mgb.ch>; Suter, Remo-MGB <Remo.Suter@mgb.ch>; Ujihara, Miki-MGB; Vollenweider, Marc-MGB <Marc.Vollenweider@mgb.ch>; Appl, Thomas-MGB <Thomas.Appl@mgb.ch>; Boesch, Sabrina-MGB <Sabrina.Boesch@mgb.ch>; Ineichen, Cyrill-MGB <Cyrill.Ineichen@mgb.ch>; Kandrical, Raju John-MGB <RajuJohn.Kandrical@mgb.ch>; Katheder, Roger-MGB <Roger.Katheder@mgb.ch>; Bleuler, Richard-MGB <Richard.Bleuler@mgb.ch>; Bliggensdorfer, Oliver-MGB <Oliver.Bliggensdorfer@mgb.ch>; Boesch, Sabrina-MGB <Sabrina.Boesch@mgb.ch>; Bräunling, Yohan-MGB <Yohan.Braeunling@mgb.ch>; Dätwyler, Heinz-MGB <Heinz.Daetwyler@mgb.ch>; Deiss, Nathalie-MGB <Nathalie.Deiss@mgb.ch>; Edelbrock, Matthias-MGB <Matthias.Edelbrock@mgb.ch>; Meier, Silvia-MGB <Silvia.Meier@mgb.ch>; Müller, Daniela-MGB <Daniela.Mueller@mgb.ch>; Paul, Alex-MGB <Alex.Paul@mgb.ch>; Albrecht, Otto-MGB <Otto.Albrecht@mgb.ch>; Brönnimann, Christoph-MGB <Christoph.Broennimann@mgb.ch>; Brunero, Davide-MGB <Davide.Brunero@mgb.ch>; Epp, Franz-MGB <Franz.Epp@mgb.ch>; Helbling, Thomas-MGB <Thomas.Helbling@mgb.ch>; Jud de Capitani, Philipp-MGB <philipp.jud@mgb.ch>; Jung, Martin-MGB <Martin.Jung@mgb.ch>; Keller, Beat-MGB <Beat.Keller@mgb.ch>; Krummenacher, Philipp-MGB <Philipp.Krummenacher@mgb.ch>; Kumbar Basavaraj, Raghavendra-MGB <Raghavendra.KumbarBasavaraj@mgb.ch>; Kupferschmid, Marco-MGB <Marco.Kupferschmid@mgb.ch>; Lara Olmo, Raúl-MGB <Raul.LaraOlmo@mgb.ch>; Llinares, Alejandro-MGB <Alejandro.Llinares@mgb.ch>; Moser, Adrian-MGB <Adrian.Moser@mgb.ch>; Naef, Thomas-MGB <Thomas.Naef@mgb.ch>; Neukom, Hansjörg-MGB <Hansjoerg.Neukom@mgb.ch>; Okpala, Bertin-MGB <Bertin.Okpala@mgb.ch>; Pechstein, André-MGB <Andre.Pechstein@mgb.ch>; Schär, Lukas-MGB <Lukas.Schaer@mgb.ch>; Schneider, Robert-MGB <Robert.Schneider@mgb.ch>; Schüpbach, Roger-MGB <Roger.Schuepbach@mgb.ch>; Siegert, Roland-MGB <Roland.Siegert@mgb.ch>; Tschallener, Kurt-MGB <Kurt.Tschallener@mgb.ch>; Urech, Paul-MGB <Paul.Urech@mgb.ch>; Vido, Erik-MGB <Erik.Vido@mgb.ch>; Vivarelli, Stefano-MGB <stefano.vivarelli@mgb.ch>; Wendel, Peter-MGB <Peter.Wendel@mgb.ch>; Wyrsch, Cyrill-MGB <Cyrill.Wyrsch@mgb.ch>; Zinno, Vittorio-MGB <Vittorio.Zinno@mgb.ch>; Beisswenger, Stefan-MGB <Stefan.Beisswenger@mgb.ch>; Ferrari, Kevin-MGB <Kevin.Ferrari@mgb.ch>; Heinemann, Martina-MGB <Martina.Heinemann@mgb.ch>; Mosch, Michaela-MGB <Michaela.Mosch@mgb.ch>; Reinmann, Anton-MGB <Anton.Reinmann@mgb.ch>; Wagner, Regula-MGB <Regula.Wagner@mgb.ch>; Daniels, Matthias-MGB <Matthias.Daniels@mgb.ch>; Hofer, Emanuel-MGB <Emanuel.Hofer@mgb.ch>; Neuhauser, Ivo-MGB <Ivo.Neuhauser@mgb.ch>; Sautter, Roland-MGB <Roland.Sautter@mgb.ch>; Schweiger, Lukas-MGB <Lukas.Schweiger@mgb.ch>; Villalaz, Marianne-MGB <Marianne.Villalaz@mgb.ch>; Continisio, Giuseppe-MGB <Giuseppe.Continisio@mgb.ch>; Franke, Gerhard-MGB <Gerhard.Franke@mgb.ch>; Knäpple, Rudolf-MGB <Rudolf.Knaepple@mgb.ch>; Michel, Thomas-MGB <Thomas.Michel@mgb.ch>; Zeller, André-MGB <Andre.Zeller@mgb.ch>; Ziegler, Romana-MGB <Romana.Ziegler@mgb.ch>; Zürcher, Peter-MITS-MGB <Peter.Zuercher-MITS@mgb.ch>; Käslin, Rolf-MINDUSTRY <rolf.kaeslin@mindustry.com>; Paroti, Marco-MINDUSTRY <marco.paroti@mindustry.com>; Schlatter, Markus-MGB <Markus.Schlatter@mgb.ch>; Menzi, Stefan-MGB <Stefan.Menzi@mgb.ch>; Bucher, Martin-MGB <Martin.Bucher@mgb.ch>; Schmid, Manuel-MITS-MGB <Manuel.Schmid-MITS@mgb.ch>; Specchia, Leonardo-MGB <Leonardo.Specchia@mgb.ch>; Tran, Han Nghia-MGB <HanNghia.Tran@mgb.ch>; Calabro, Christian-MGB <Christian.Calabro@mgb.ch>; Kistler, Jolanda-MGB <Jolanda.Kistler@mgb.ch>; Mona, Biola-MGB <Biola.Mona@mgb.ch>; Renz, Christian-MINDUSTRY <christian.renz@mindustry.com>; Schweiger, Lukas-MGB <Lukas.Schweiger@mgb.ch>; Sulzer, Claudia-MGB <Claudia.Sulzer@mgb.ch>; Würsch, Adolf-MGB <Adolf.Wuersch@mgb.ch>; Bodenmüller, Florence-MGB <Florence.Bodenmueller@mgb.ch>; Ladinig, Kathrin-MGB <Kathrin.Ladinig@mgb.ch>; Isler, Christian-MGB <Christian.Isler@mgb.ch>; Estermann, Patrik-MGB <Patrik.Estermann@mgb.ch>; Estermann, Patrik-MGB <Patrik.Estermann@mgb.ch>; Petignat, Alain-MGB <Alain.Petignat@mgb.ch>; Dahinden, Olivier-MGB <Olivier.Dahinden@mgb.ch>; Dobler, Volker-MGB <Volker.Dobler@mgb.ch>; Garcia, Rafael-MGB <Rafael.Garcia@mgb.ch>; Keller, Jürg-MGB <Juerg.Keller@mgb.ch>; Bareth, Manuel-MGB <Manuel.Bareth@mgb.ch>; Brugger, Pascal-MGB <Pascal.Brugger@mgb.ch>; Celikten, Erdem-MGB <Erdem.Celikten@mgb.ch>; Ehrbar, Roman-MGB <Roman.Ehrbar@mgb.ch>; Felix, Andy-MGB <Andy.Felix@mgb.ch>; Hummel, Rolf-MGB <Rolf.Hummel@mgb.ch>; Jose, Joel-MGB <Joel.Jose@mgb.ch>; Mettler, Gabriel-MGB <Gabriel.Mettler@mgb.ch>; Schenk, Roland-MGB <Roland.Schenk@mgb.ch>; Strübi, Silvan-MGB <Silvan.Struebi@mgb.ch>; Uhler, Patrik-MGB <Patrik.Uhler@mgb.ch>; Dahinden, Olivier-MGB <Olivier.Dahinden@mgb.ch>; Graf, Timo-MGB <Timo.Graf@mgb.ch>; Grob, Nils-Robin-MGB <Nils-Robin.Grob@mgb.ch>; Koch, Samuel-MGB <Samuel.Koch@mgb.ch>; Lutz, Nico-MGB <Nico.Lutz@mgb.ch>; Bovard, Peter-MGB <Peter.Bovard@mgb.ch>; Bucher, Fabian-MGB <Fabian.Bucher@mgb.ch>; Feusi, Remo-MGB <Remo.Feusi@mgb.ch>; Kobi, Reto-MGB <Reto.Kobi@mgb.ch>; Serratore, Fabio-MGB <Fabio.Serratore@mgb.ch>; Zhuchkova, Anna-MGB <Anna.Zhuchkova@mgb.ch>; Wiederhold, Sebastian-MGB <Sebastian.Wiederhold@mgb.ch>; Beat-MITS, Zahnd-MGB <Beat.Zahnd-MITS@mgb.ch>; Boveda, Ivan-MGB <Ivan.Boveda@mgb.ch>; Lutz, Lukas-MGB <Lukas.Lutz@mgb.ch>; Peter, Markus-MGB <Markus.Peter@mgb.ch>; Ristau, Katherina-MGB <Katherina.Ristau@mgb.ch>; Schmölders, Tim-MGB <Tim.Schmoelders@mgb.ch>; Petignat, Alain-MGB <Alain.Petignat@mgb.ch>; Marino, Sandra-MGB <Sandra.Marino@mgb.ch>; Hartmann, Thomas-MGB <Thomas.Hartmann@mgb.ch>; Jordi, Michael-MGB <Michael.Jordi@mgb.ch>; Langfeld, Julia-MGB <Julia.Langfeld@mgb.ch>; Marques, Sandra-MGB <Sandra.Marques@mgb.ch>; Stalder, Lukas-MGB <Lukas.Stalder@mgb.ch>; Tihi, Dalibor-MGB <Dalibor.Tihi@mgb.ch>; Bollag, Samuel-MGB <Samuel.Bollag@mgb.ch>; Di Marino, Helge-MGB <Helge.DiMarino@mgb.ch>; Hunziker, Roland-MGB <Roland.Hunziker@mgb.ch>; Müller, Daniel-MGB <daniel.mueller@mgb.ch>; Petit, Corinne-MGB <Corinne.Petit@mgb.ch>; Rechsteiner, Oliver-MGB <Oliver.Rechsteiner@mgb.ch>; Staubli, Christian-MGB <Christian.Staubli@mgb.ch>; pmo-ki-MGB; Bättig, Rahel-MGB <Rahel.Baettig@mgb.ch>; Baumann, Mauro-MGB <Mauro.Baumann@mgb.ch>; Bertogg, Thomas-MGB <Thomas.Bertogg@mgb.ch>; Haas, Martin-MGB <Martin.Haas@mgb.ch>; Haller, Christian-MGB <Christian.Haller@mgb.ch>; Hostettler, Thomas-MGB <Thomas.Hostettler@mgb.ch>; Jung, Oliver-MGB <Oliver.Jung@mgb.ch>; Junker, Marcel-MGB <Marcel.Junker@mgb.ch>; Krapf, Joël-MGB <Joel.Krapf@mgb.ch>; Jud de Capitani, Philipp-MGB <philipp.jud@mgb.ch>; Burro, Gino-MGB <Gino.Burro@mgb.ch>; Brunero, Davide-MGB <Davide.Brunero@mgb.ch>; Kumbar Basavaraj, Raghavendra-MGB <Raghavendra.KumbarBasavaraj@mgb.ch>; Llinares, Alejandro-MGB <Alejandro.Llinares@mgb.ch>; Pechstein, André-MGB <Andre.Pechstein@mgb.ch>; Schneider, Robert-MGB <Robert.Schneider@mgb.ch>; Tschallener, Kurt-MGB <Kurt.Tschallener@mgb.ch>; Vivarelli, Stefano-MGB <stefano.vivarelli@mgb.ch>; Brönnimann, Christoph-MGB <Christoph.Broennimann@mgb.ch>; Burro, Gino-MGB <Gino.Burro@mgb.ch>; Jung, Martin-MGB <Martin.Jung@mgb.ch>; Keller, Beat-MGB <Beat.Keller@mgb.ch>; Moser, Adrian-MGB <Adrian.Moser@mgb.ch>; Naef, Thomas-MGB <Thomas.Naef@mgb.ch>; Neukom, Hansjörg-MGB <Hansjoerg.Neukom@mgb.ch>; Okpala, Bertin-MGB <Bertin.Okpala@mgb.ch>; Rieder, Juliane-MGB <Juliane.Rieder@mgb.ch>; Schär, Lukas-MGB <Lukas.Schaer@mgb.ch>; Urech, Paul-MGB <Paul.Urech@mgb.ch>; Vido, Erik-MGB <Erik.Vido@mgb.ch>; Wendel, Peter-MGB <Peter.Wendel@mgb.ch>; Zinno, Vittorio-MGB <Vittorio.Zinno@mgb.ch>; Albrecht, Otto-MGB <Otto.Albrecht@mgb.ch>; Epp, Franz-MGB <Franz.Epp@mgb.ch>; Helbling, Thomas-MGB <Thomas.Helbling@mgb.ch>; Krummenacher, Philipp-MGB <Philipp.Krummenacher@mgb.ch>; Kupferschmid, Marco-MGB <Marco.Kupferschmid@mgb.ch>; Lara Olmo, Raúl-MGB <Raul.LaraOlmo@mgb.ch>; Schüpbach, Roger-MGB <Roger.Schuepbach@mgb.ch>; Siegert, Roland-MGB <Roland.Siegert@mgb.ch>; Wyrsch, Cyrill-MGB <Cyrill.Wyrsch@mgb.ch>; Urech, Paul-MGB <Paul.Urech@mgb.ch>; Acker, Stefan-MGB <Stefan.Acker@mgb.ch>; Bächli, Patrick-MGB <Patrick.Baechli@mgb.ch>; Baruffol, Vera-MGB <Vera.Baruffol@mgb.ch>; Bertogg, Thomas-MGB <Thomas.Bertogg@mgb.ch>; Crameri, Oskar-MGB <Oskar.Crameri@mgb.ch>; D'Autilia, Maurizio-MGB <Maurizio.DAutilia@mgb.ch>; Erdmann, Jürg-MGB <Juerg.Erdmann@mgb.ch>; Grimm, Sibylle-MGB <Sibylle.Grimm@mgb.ch>; Huber, Tobias-MGB <Tobias.Huber@mgb.ch>; Koch, Balz-MGB <Balz.Koch@mgb.ch>; Kräuchi, Thomas-MGB <Thomas.Kraeuchi@mgb.ch>; Michel, Johannes-MGB <Johannes.Michel@mgb.ch>; Murtaj, Egzon-MGB <Egzon.Murtaj@mgb.ch>; Rietmann, Ken Oliver-MGB <KenOliver.Rietmann@mgb.ch>; Salm, Andreas-MGB <Andreas.Salm@mgb.ch>; Santurbano, Nicola-MGB <Nicola.Santurbano@mgb.ch>; Studer, Marius-MGB <Marius.Studer@mgb.ch>; Tepe, Tufan-MGB <Tufan.Tepe@mgb.ch>; Vonwil-Nosdeo, Antonietta-MGB <Antonietta.Vonwil-Nosdeo@mgb.ch>; Zgraggen, Stefan-GMLU <stefan.zgraggen@migrosluzern.ch>; Zwahlen, Jörg-MGB <Joerg.Zwahlen@mgb.ch>; Acker, Stefan-MGB <Stefan.Acker@mgb.ch>; Baruffol, Vera-MGB <Vera.Baruffol@mgb.ch>; Bertogg, Thomas-MGB <Thomas.Bertogg@mgb.ch>; Crameri, Oskar-MGB <Oskar.Crameri@mgb.ch>; Erdmann, Jürg-MGB <Juerg.Erdmann@mgb.ch>; Grimm, Sibylle-MGB <Sibylle.Grimm@mgb.ch>; Huber, Tobias-MGB <Tobias.Huber@mgb.ch>; Murtaj, Egzon-MGB <Egzon.Murtaj@mgb.ch>; Rietmann, Ken Oliver-MGB <KenOliver.Rietmann@mgb.ch>; Salm, Andreas-MGB <Andreas.Salm@mgb.ch>; Santurbano, Nicola-MGB <Nicola.Santurbano@mgb.ch>; Studer, Marius-MGB <Marius.Studer@mgb.ch>; Tepe, Tufan-MGB <Tufan.Tepe@mgb.ch>; Vonwil-Nosdeo, Antonietta-MGB <Antonietta.Vonwil-Nosdeo@mgb.ch>; Biddau, Massimo-MGB <Massimo.Biddau@mgb.ch>; Campigotto, Ghersom-MGB <Ghersom.Campigotto@mgb.ch>; Cöcelli, Esmender-MGB <Esmender.Coecelli@mgb.ch>; Delli Bovi, Angela-MGB <Angela.DelliBovi@mgb.ch>; Gantner, Andrea-MGB <Andrea.Gantner@mgb.ch>; Isgro, Mario-MGB <Mario.Isgro@mgb.ch>; Kämpfer, Ueli-MGB <Ueli.Kaempfer@mgb.ch>; Schneider, Anita-MGB <Anita.Schneider@mgb.ch>; Varallo, Monica-MGB <Monica.Varallo@mgb.ch>; Varallo, Raffaele-MGB <Raffaele.Varallo@mgb.ch>; Albisser, Beat-MGB <Beat.Albisser@mgb.ch>; Alomerovic, Sanin-MGB <Sanin.Alomerovic@mgb.ch>; Augustin, Monika-MGB <Monika.Augustin@mgb.ch>; Bänninger, Markus-MGB <Markus.Baenninger@mgb.ch>; Biddau, Massimo-MGB <Massimo.Biddau@mgb.ch>; Campigotto, Ghersom-MGB <Ghersom.Campigotto@mgb.ch>; Cöcelli, Esmender-MGB <Esmender.Coecelli@mgb.ch>; D'Angelo, Bruno-MGB <Bruno.DAngelo@mgb.ch>; D'Angelo, Vanessa-MGB <Vanessa.DAngelo@mgb.ch>; Delli Bovi, Angela-MGB <Angela.DelliBovi@mgb.ch>; Dosch, Seraina-MGB <Seraina.Dosch@mgb.ch>; Forbes, Manfred-MGB <Manfred.Forbes@mgb.ch>; Galbraith, George-MGB <George.Galbraith@mgb.ch>; Gantner, Andrea-MGB <Andrea.Gantner@mgb.ch>; Glaus, Anja-MGB <Anja.Glaus@mgb.ch>; Graf, Wolfgang-MGB <Wolfgang.Graf@mgb.ch>; Hiltbrunner, Lee-Roy-MGB <Lee-Roy.Hiltbrunner@mgb.ch>; Hof, Franz-MGB <Franz.Hof@mgb.ch>; Hoffmann, Peter-MGB <Peter.Hoffmann@mgb.ch>; Hoti, Flurim-MGB <Flurim.Hoti@mgb.ch>; Isgro, Mario-MGB <Mario.Isgro@mgb.ch>; Jaisli, Daniel-MGB <Daniel.Jaisli@mgb.ch>; Junghans, Urs-MGB <Urs.Junghans@mgb.ch>; Kämpfer, Ueli-MGB <Ueli.Kaempfer@mgb.ch>; Kunz, Beat-MGB <beat.kunz@mgb.ch>; Manoharan, Regino-MGB <Regino.Manoharan@mgb.ch>; Meier, Kevin-MGB <Kevin.Meier@mgb.ch>; Merkli, Beat-MGB <Beat.Merkli@mgb.ch>; Müller, Marc-MGB <Marc.Mueller@mgb.ch>; Rohner, Alain-MGB <Alain.Rohner@mgb.ch>; Ruf, Adolf-MGB <Adolf.Ruf@mgb.ch>; Schneider, Anita-MGB <Anita.Schneider@mgb.ch>; Schweizer, Doris-MGB <Doris.Schweizer@mgb.ch>; Spezzacatena, Francesco-MGB <Francesco.Spezzacatena@mgb.ch>; Toth-Nagy, Marta-MGB <Marta.Toth@mgb.ch>; Varallo, Monica-MGB <Monica.Varallo@mgb.ch>; Varallo, Raffaele-MGB <Raffaele.Varallo@mgb.ch>; Volkart, Jürg-MGB <Juerg.Volkart@mgb.ch>; Walther, Gian-Carlo-MGB <Gian-Carlo.Walther@mgb.ch>; Willenegger, Michael-MGB <Michael.Willenegger@mgb.ch>; Zölper, Werner-MGB <Werner.Zoelper@mgb.ch>; Albisser, Beat-MGB <Beat.Albisser@mgb.ch>; Glaus, Anja-MGB <Anja.Glaus@mgb.ch>; Hiltbrunner, Lee-Roy-MGB <Lee-Roy.Hiltbrunner@mgb.ch>; Neeser, Christoph-MGB <Christoph.Neeser@mgb.ch>; Bodenmüller, Florence-MGB <Florence.Bodenmueller@mgb.ch>; Gahlinger, Daniel-MGB <Daniel.Gahlinger@mgb.ch>; Ahmad, Dildar-MGB <Dildar.Ahmad@mgb.ch>; Albrecht, Christian-MGB <Christian.Albrecht@mgb.ch>; Bernauer, Robert-MGB <Robert.Bernauer@mgb.ch>; Beutler, Ernst-MGB <Ernst.Beutler@mgb.ch>; Bigoni, Mauro-MGB <Mauro.Bigoni@mgb.ch>; Bossard, Dominic-MGB <Dominic.Bossard@mgb.ch>; Corbett, Janet-MGB <Janet.Corbett@mgb.ch>; Denzel, Wolfgang-MGB <Wolfgang.Denzel@mgb.ch>; Fahrni, Martin-MGB <Martin.Fahrni@mgb.ch>; Giner, Felix-MGB <Felix.Giner@mgb.ch>; Grüninger, Stephan-MGB <Stephan.Grueninger@mgb.ch>; Günday, Harun-MGB <Harun.Guenday@mgb.ch>; Günes, Yavuz-MGB <Yavuz.Guenes@mgb.ch>; Haller, Christian-MGB <Christian.Haller@mgb.ch>; Handschuh, Nicolas-MGB <Nicolas.Handschuh@mgb.ch>; Hausin, Christian-MGB <Christian.Hausin@mgb.ch>; Hostettler, Thomas-MGB <Thomas.Hostettler@mgb.ch>; Kapatos, Ilias-MGB <Ilias.Kapatos@mgb.ch>; Knüsel, Philipp André-MGB <Philipp.Knuesel@mgb.ch>; Leiner, Dirk-MGB <Dirk.Leiner@mgb.ch>; Meier, Andreas-MGB <Andreas.Meier@mgb.ch>; Denzel, Wolfgang-MGB <Wolfgang.Denzel@mgb.ch>; Guegi, Christian-MGB <Christian.Guegi@mgb.ch>; Hauri, Colin-MGB <Colin.Hauri@mgb.ch>; Kobler, Nico-MGB <Nico.Kobler@mgb.ch>; Müller, Marius-MGB <Marius.Mueller@mgb.ch>; Pereto, Roberto-MGB <Roberto.Pereto@mgb.ch>; Schnizler, Christian-MGB <Christian.Schnizler@mgb.ch>; Stampfli, Jan-MGB <Jan.Stampfli@mgb.ch>; Walliser, Renato-MGB <Renato.Walliser@mgb.ch>; Ahmad, Dildar-MGB <Dildar.Ahmad@mgb.ch>; Gentilini, André-MGB <Andre.Gentilini@mgb.ch>; Günday, Harun-MGB <Harun.Guenday@mgb.ch>; Haller, Christian-MGB <Christian.Haller@mgb.ch>; Hostettler, Thomas-MGB <Thomas.Hostettler@mgb.ch>; Meier, Andreas-MGB <Andreas.Meier@mgb.ch>; Roggwiller, Ronald-MGB <Ronald.Roggwiller@mgb.ch>; Suhner, Beat-MGB <Beat.Suhner@mgb.ch>; Wegmann, Stefan-MGB <Stefan.Wegmann@mgb.ch>; Bigoni, Mauro-MGB <Mauro.Bigoni@mgb.ch>; Giner, Felix-MGB <Felix.Giner@mgb.ch>; Knüsel, Philipp André-MGB <Philipp.Knuesel@mgb.ch>; Niederberger, Peter-MGB <Peter.Niederberger@mgb.ch>; Rapp, Martin-MGB <Martin.Rapp@mgb.ch>; Schaltegger, Reto-MGB <Reto.Schaltegger@mgb.ch>; Tischer, Georg-MGB <Georg.Tischer@mgb.ch>; Wertli, Markus-MGB <Markus.Wertli@mgb.ch>; Albrecht, Christian-MGB <Christian.Albrecht@mgb.ch>; Bernauer, Robert-MGB <Robert.Bernauer@mgb.ch>; Bigoni, Mauro-MGB <Mauro.Bigoni@mgb.ch>; Hausin, Christian-MGB <Christian.Hausin@mgb.ch>; Pfister, Nataly-MGB <Nataly.Pfister@mgb.ch>; Suhner, Beat-MGB <Beat.Suhner@mgb.ch>; Züger-Salzmann, Erika-MGB <Erika.Zueger-Salzmann@mgb.ch>; Beutler, Ernst-MGB <Ernst.Beutler@mgb.ch>; Fahrni, Martin-MGB <Martin.Fahrni@mgb.ch>; Handschuh, Nicolas-MGB <Nicolas.Handschuh@mgb.ch>; Kapatos, Ilias-MGB <Ilias.Kapatos@mgb.ch>; Leiner, Dirk-MGB <Dirk.Leiner@mgb.ch>; Meier, René-MGB <Rene.Meier@mgb.ch>; Vincic, Miodrag-MGB <Miodrag.Vincic@mgb.ch>; Corbett, Janet-MGB <Janet.Corbett@mgb.ch>; Grüninger, Stephan-MGB <Stephan.Grueninger@mgb.ch>; Günes, Yavuz-MGB <Yavuz.Guenes@mgb.ch>; Schmid, Remo-MGB <Remo.Schmid@mgb.ch>; Siegrist, Urs-MGB <Urs.Siegrist@mgb.ch>; Siegrist, Urs-MGB <Urs.Siegrist@mgb.ch>; Basant, Lenthe Soekhdew-MGB <Lenthe.Basant@mgb.ch>; Del Grosso, Sabina-MGB <Sabina.DelGrosso@mgb.ch>; Ganarin, Ivan-MGB <Ivan.Ganarin@mgb.ch>; Goldblum, Lea-MGB <Lea.Goldblum@mgb.ch>; Gullone, Fabio-MGB <Fabio.Gullone@mgb.ch>; Indergand, Raphael-MGB <Raphael.Indergand@mgb.ch>; Miklic-Bruckner, Claudia-MGB <Claudia.Miklic-Bruckner@mgb.ch>; Munz, Marcel-MGB <Marcel.Munz@mgb.ch>; Nef, Michael-MGB <Michael.Nef@mgb.ch>; Orlow, Pascale-MGB <Pascale.Orlow@mgb.ch>; Petrig, Amadeus-MGB <Amadeus.Petrig@mgb.ch>; Schmutz, Peter-MGB <Peter.Schmutz@mgb.ch>; Streule, Roland-MGB <Roland.Streule@mgb.ch>; Isler, Christian-MGB <Christian.Isler@mgb.ch>; Estermann, Patrik-MGB <Patrik.Estermann@mgb.ch>; Estermann, Patrik-MGB <Patrik.Estermann@mgb.ch>; Petignat, Alain-MGB <Alain.Petignat@mgb.ch>; Dahinden, Olivier-MGB <Olivier.Dahinden@mgb.ch>; Dobler, Volker-MGB <Volker.Dobler@mgb.ch>; Garcia, Rafael-MGB <Rafael.Garcia@mgb.ch>; Keller, Jürg-MGB <Juerg.Keller@mgb.ch>; Bareth, Manuel-MGB <Manuel.Bareth@mgb.ch>; Brugger, Pascal-MGB <Pascal.Brugger@mgb.ch>; Celikten, Erdem-MGB <Erdem.Celikten@mgb.ch>; Ehrbar, Roman-MGB <Roman.Ehrbar@mgb.ch>; Felix, Andy-MGB <Andy.Felix@mgb.ch>; Hummel, Rolf-MGB <Rolf.Hummel@mgb.ch>; Jose, Joel-MGB <Joel.Jose@mgb.ch>; Mettler, Gabriel-MGB <Gabriel.Mettler@mgb.ch>; Schenk, Roland-MGB <Roland.Schenk@mgb.ch>; Strübi, Silvan-MGB <Silvan.Struebi@mgb.ch>; Uhler, Patrik-MGB <Patrik.Uhler@mgb.ch>; Dahinden, Olivier-MGB <Olivier.Dahinden@mgb.ch>; Graf, Timo-MGB <Timo.Graf@mgb.ch>; Grob, Nils-Robin-MGB <Nils-Robin.Grob@mgb.ch>; Koch, Samuel-MGB <Samuel.Koch@mgb.ch>; Lutz, Nico-MGB <Nico.Lutz@mgb.ch>; Bovard, Peter-MGB <Peter.Bovard@mgb.ch>; Bucher, Fabian-MGB <Fabian.Bucher@mgb.ch>; Feusi, Remo-MGB <Remo.Feusi@mgb.ch>; Kobi, Reto-MGB <Reto.Kobi@mgb.ch>; Serratore, Fabio-MGB <Fabio.Serratore@mgb.ch>; Zhuchkova, Anna-MGB <Anna.Zhuchkova@mgb.ch>; Wiederhold, Sebastian-MGB <Sebastian.Wiederhold@mgb.ch>; Beat-MITS, Zahnd-MGB <Beat.Zahnd-MITS@mgb.ch>; Boveda, Ivan-MGB <Ivan.Boveda@mgb.ch>; Lutz, Lukas-MGB <Lukas.Lutz@mgb.ch>; Peter, Markus-MGB <Markus.Peter@mgb.ch>; Ristau, Katherina-MGB <Katherina.Ristau@mgb.ch>; Schmölders, Tim-MGB <Tim.Schmoelders@mgb.ch>; Petignat, Alain-MGB <Alain.Petignat@mgb.ch>; Marino, Sandra-MGB <Sandra.Marino@mgb.ch>; Hartmann, Thomas-MGB <Thomas.Hartmann@mgb.ch>; Jordi, Michael-MGB <Michael.Jordi@mgb.ch>; Langfeld, Julia-MGB <Julia.Langfeld@mgb.ch>; Marques, Sandra-MGB <Sandra.Marques@mgb.ch>; Stalder, Lukas-MGB <Lukas.Stalder@mgb.ch>; Tihi, Dalibor-MGB <Dalibor.Tihi@mgb.ch>; Bollag, Samuel-MGB <Samuel.Bollag@mgb.ch>; Di Marino, Helge-MGB <Helge.DiMarino@mgb.ch>; Hunziker, Roland-MGB <Roland.Hunziker@mgb.ch>; Müller, Daniel-MGB <daniel.mueller@mgb.ch>; Petit, Corinne-MGB <Corinne.Petit@mgb.ch>; Rechsteiner, Oliver-MGB <Oliver.Rechsteiner@mgb.ch>; Staubli, Christian-MGB <Christian.Staubli@mgb.ch>; Bättig, Rahel-MGB <Rahel.Baettig@mgb.ch>; Mosberger, Patrick-MGB <Patrick.Mosberger@mgb.ch>; Baumann, Mauro-MGB <Mauro.Baumann@mgb.ch>; Junker, Marcel-MGB <Marcel.Junker@mgb.ch>; Knufinke, Luis-MGB <Luis.Knufinke@mgb.ch>; Lingg, Remo-MGB <Remo.Lingg@mgb.ch>; Meier, Kevin-MGB <Kevin.Meier@mgb.ch>; Mendez, Oscar-MGB <Oscar.Mendez@mgb.ch>; Salanitri, Giovanni-MGB <Giovanni.Salanitri@mgb.ch>; Schori, Daniel-MGB <Daniel.Schori@mgb.ch>; Seiler, Christian-MGB <Christian.Seiler@mgb.ch>; Vanetta, Nicola-MGB <Nicola.Vanetta@mgb.ch>; Fischer, Oliver-MGB <Oliver.Fischer@mgb.ch>; Giana, Roberto-MGB <Roberto.Giana@mgb.ch>; Hauri, Simon-MGB <Simon.Hauri@mgb.ch>; Heuer, Ueli-MGB <Ueli.Heuer@mgb.ch>; Homberger, Julian-MGB <Julian.Homberger@mgb.ch>; Huwiler, Cyrill-MGB <Cyrill.Huwiler@mgb.ch>; Spielhofer, Jonas-MGB <Jonas.Spielhofer@mgb.ch>; Spiess, Patrik-MGB <Patrik.Spiess@mgb.ch>; Spuhler, Tobias-MGB; Alizadeh, Hesameddin-MGB <Hesameddin.Alizadeh@mgb.ch>; Arslani, Ardian-MGB <Ardian.Arslani@mgb.ch>; Ballottin, Pascal-MGB <Pascal.Ballottin@mgb.ch>; Baumann, Peter-MGB <Peter.Baumann@mgb.ch>; Bieri, Samuel-MGB <Samuel.Bieri@mgb.ch>; Birda, Dario-MGB <Dario.Birda@mgb.ch>; Brogli, Stefan-MGB <Stefan.Brogli@mgb.ch>; Carella, Alessandro-MGB <Alessandro.Carella@mgb.ch>; Gashi, Lulzim-MGB <Lulzim.Gashi@mgb.ch>; Heras, Emiliano-MGB <Emiliano.Heras@mgb.ch>; Hinnen, Mike-MGB <Mike.Hinnen@mgb.ch>; Imholz, Roman-MGB <Roman.Imholz@mgb.ch>; Karaiskos, Panagiotis-MGB <Panagiotis.Karaiskos@mgb.ch>; Keller, Urs-MGB <Urs.Keller@mgb.ch>; Kumli, Jörg-MGB <Joerg.Kumli@mgb.ch>; Lang, Andreas-MGB <Andreas.Lang@mgb.ch>; Leupi, Matthias-MGB <Matthias.Leupi@mgb.ch>; Naarden, Alex-MGB <Alex.Naarden@mgb.ch>; Palazzo, Davide-MGB <Davide.Palazzo@mgb.ch>; Rickenbach, Markus-MGB <Markus.Rickenbach@mgb.ch>; Sarabi, Pejman-MGB <Pejman.Sarabi@mgb.ch>; Schenk, René-MGB <Rene.Schenk@mgb.ch>; Schlumpf, Daniel-MGB <Daniel.Schlumpf@mgb.ch>; Stoll, Simon-MGB <Simon.Stoll@mgb.ch>; Weber, Andreas-MGB <Andreas.Weber@mgb.ch>; Willi, Christian-MGB <Christian.Willi@mgb.ch>; Akhchine, Boujemaa-MGB <Boujemaa.Akhchine@mgb.ch>; Aksakal, Hakan-MGB <Hakan.Aksakal@mgb.ch>; Bah, Usman-MGB <Usman.Bah@mgb.ch>; Büchi, Yannik Jérôme-MGB <Yannik.Buechi@mgb.ch>; Christ, Hans-Jörg-MGB <Hans-Joerg.Christ@mgb.ch>; Donadio, Gianluca-MGB <Gianluca.Donadio@mgb.ch>; Faustor, Samuel-MGB <Samuel.Faustor@mgb.ch>; Gianini, Kannika-MGB; Heger, Luca-MGB <Luca.Heger@mgb.ch>; Külling, Claudius-MGB <Claudius.Kuelling@mgb.ch>; Michel, Urs-MGB <Urs.Michel@mgb.ch>; Paulson, Marek-MGB <Marek.Paulson@mgb.ch>; Ryter, Remo-MGB <Remo.Ryter@mgb.ch>; Souliman, Beyan-MGB <Beyan.Souliman@mgb.ch>; Steinmann, Michael-MGB <Michael.Steinmann@mgb.ch>; Winzenried, Martina-MGB <Martina.Winzenried@mgb.ch>; Baljak, Marin-MGB <Marin.Baljak@mgb.ch>; Berger, Stephan-MGB <Stephan.Berger@mgb.ch>; Farinoli, Francesco-MGB <Francesco.Farinoli@mgb.ch>; Kuhn, Stephan-MGB <Stephan.Kuhn@mgb.ch>; Prellwitz, Giuliana-MGB <Giuliana.Prellwitz@mgb.ch>; Sagarra, Alexander-MGB <Alexander.Sagarra@mgb.ch>; Vock, Marc-MGB <Marc.Vock@mgb.ch>; Zeltner, Simon-MGB <Simon.Zeltner@mgb.ch>; Leuenberger, Daniel-MGB <Daniel.Leuenberger@mgb.ch>; Gähwiler, Pius-MGB <Pius.Gaehwiler@mgb.ch>; Hofmann, Iris-MGB <Iris.Hofmann@mgb.ch>; Krayss, René-MGB <rene.krayss@mgb.ch>; Mailänder, Raphael-MGB <Raphael.Mailaender@mgb.ch>; Privitera, Andrea-MGB <andrea.privitera@mgb.ch>; Schärer, Andreas-MGB <Andreas.Schaerer@mgb.ch>; Vossen, Bodo-MGB; Gugger, Manuel-MGB <Manuel.Gugger@mgb.ch>; Huber, Patrik-MGB <Patrik.Huber@mgb.ch>; Lüönd, Philipp-MGB <Philipp.Lueoend@mgb.ch>; Meyer, Jonas-MGB <Jonas.Meyer@mgb.ch>; Hüsser, Fabian-MGB <Fabian.Huesser@mgb.ch>; Illi, Volker-MGB <Volker.Illi@mgb.ch>; Santurbano, Carlo-MGB <Carlo.Santurbano@mgb.ch>; Diggelmann, Beda-MGB <Beda.Diggelmann@mgb.ch>; Gugger, Manuel-MGB <Manuel.Gugger@mgb.ch>; Leuenberger, Daniel-MGB <Daniel.Leuenberger@mgb.ch>; Richiger, Philipp-MGB <Philipp.Richiger@mgb.ch>; Richner, Silvan-MGB <Silvan.Richner@mgb.ch>; Rükgauer, Oliver-MGB <Oliver.Ruekgauer@mgb.ch>; Vossen, Bodo-MGB; Weinert, Alexander-MGB <Alexander.Weinert@mgb.ch>; Geiger, Erich-MGB <Erich.Geiger@mgb.ch>; Haas, Bastian-MGB <Bastian.Haas@mgb.ch>; Herde, Marcel-MGB <Marcel.Herde@mgb.ch>; Hinrichs, Matthias-MGB <Matthias.Hinrichs@mgb.ch>; Jaeggi, Reto-MGB <Reto.Jaeggi@mgb.ch>; Leu, Michael-MGB <Michael.Leu@mgb.ch>; Mamudi, Valon-MGB <Valon.Mamudi@mgb.ch>; Moser, Bruno-MGB <Bruno.Moser@mgb.ch>; Schreiter, Gerd-MGB <Gerd.Schreiter@mgb.ch>; Sutter, Arnold-MGB <Arnold.Sutter@mgb.ch>; Al Habash, Raeif-MGB <Raeif.Alhabash@mgb.ch>; Colicigno, Giovanni-MGB <Giovanni.Colicigno@mgb.ch>; Froidevaux, Christian-MGB <Christian.Froidevaux@mgb.ch>; Gerber, Michael-MITS-MGB <michael.gerber-mits@mgb.ch>; Grazioli, Patrick-MGB <Patrick.Grazioli@mgb.ch>; Lüönd, Philipp-MGB <Philipp.Lueoend@mgb.ch>; Ouali, Daniel-MGB <Daniel.Ouali@mgb.ch>; Achermann, Martin-MGB <Martin.Achermann@mgb.ch>; Bernini, Joey-MGB <Joey.Bernini@mgb.ch>; Gehrig, Brigitte-MGB <Brigitte.Gehrig@mgb.ch>; Gehrig, Thomas-MGB <Thomas.Gehrig@mgb.ch>; Gfeller, Pascal-MGB <Pascal.Gfeller@mgb.ch>; Hüsser, Fabian-MGB <Fabian.Huesser@mgb.ch>; Mingard, Kai-MGB <Kai.Mingard@mgb.ch>; Rechsteiner, Cédric-MGB <Cedric.Rechsteiner@mgb.ch>; Graf, Wolfgang-MGB <Wolfgang.Graf@mgb.ch>; Meier, Kevin-MGB <Kevin.Meier@mgb.ch>; Augustin, Monika-MGB <Monika.Augustin@mgb.ch>; D'Angelo, Bruno-MGB <Bruno.DAngelo@mgb.ch>; D'Angelo, Vanessa-MGB <Vanessa.DAngelo@mgb.ch>; Forbes, Manfred-MGB <Manfred.Forbes@mgb.ch>; Hilzinger, Alexandra-MGB <Alexandra.Hilzinger@mgb.ch>; Hoti, Flurim-MGB <Flurim.Hoti@mgb.ch>; Jaisli, Daniel-MGB <Daniel.Jaisli@mgb.ch>; Junghans, Urs-MGB <Urs.Junghans@mgb.ch>; Koller, Janis-MGB <Janis.Koller@mgb.ch>; Kunz, Beat-MGB <beat.kunz@mgb.ch>; Manoharan, Regino-MGB <Regino.Manoharan@mgb.ch>; Meier, Kevin-MGB <Kevin.Meier@mgb.ch>; Merkli, Beat-MGB <Beat.Merkli@mgb.ch>; Volkart, Jürg-MGB <Juerg.Volkart@mgb.ch>; Zölper, Werner-MGB <Werner.Zoelper@mgb.ch>; Galbraith, George-MGB <George.Galbraith@mgb.ch>; Alomerovic, Sanin-MGB <Sanin.Alomerovic@mgb.ch>; Bänninger, Markus-MGB <Markus.Baenninger@mgb.ch>; Beyazkilic, Kaan-MGB <Kaan.Beyazkilic@mgb.ch>; Broggi, Florian-MGB <Florian.Broggi@mgb.ch>; Dürlewanger, Leonardo-MGB <Leonardo.Duerlewanger@mgb.ch>; Hof, Franz-MGB <Franz.Hof@mgb.ch>; Mancuso, Antonio-MGB <Antonio.Mancuso@mgb.ch>; Mingard, Kai-MGB <Kai.Mingard@mgb.ch>; Nagalingam, Anoyan-MGB <Anoyan.Nagalingam@mgb.ch>; Satri, Robert-MGB <Robert.Satri@mgb.ch>; Savali, Kikoyo-MGB <Kikoyo.Savali@mgb.ch>; Schweizer, Doris-MGB <Doris.Schweizer@mgb.ch>; Spezzacatena, Francesco-MGB <Francesco.Spezzacatena@mgb.ch>; Toth-Nagy, Marta-MGB <Marta.Toth@mgb.ch>; Walther, Gian-Carlo-MGB <Gian-Carlo.Walther@mgb.ch>; Wiprächtiger, Michael-MGB <Michael.Wipraechtiger@mgb.ch>; Marteaux, Franck-MGB <Franck.Marteaux@mgb.ch>; Amzai, Luran-MGB <Luran.Amzai@mgb.ch>; Bollhalder, Shannon-MGB <Shannon.Bollhalder@mgb.ch>; Cocetrone, William-MGB <William.Cocetrone@mgb.ch>; Eckert, Nils-MGB <Nils.Eckert@mgb.ch>; Fischer, Yanik-MGB <Yanik.Fischer@mgb.ch>; Frischknecht, Sabrina-MGB <Sabrina.Frischknecht@mgb.ch>; Fuchs, Thomas-MGB <Thomas.Fuchs@mgb.ch>; Hofmann, Iris-MGB <Iris.Hofmann@mgb.ch>; Ismarci, Ugur-MGB <Ugur.Ismarci@mgb.ch>; Lauper, Boris-MGB <Boris.Lauper@mgb.ch>; Luchsinger, Markus-MGB <Markus.Luchsinger@mgb.ch>; Wegmann, Bernhard-MGB <bernhard.wegmann@mgb.ch>; Zubler, Tatjana-MGB <Tatjana.Zubler@mgb.ch>; Achermann, Thomas-MGB <Thomas.Achermann@mgb.ch>; Eckert, Nils-MGB <Nils.Eckert@mgb.ch>; Frischknecht, Sabrina-MGB <Sabrina.Frischknecht@mgb.ch>; Gantner, Fabian-MGB <Fabian.Gantner@mgb.ch>; Haas, Pirmin-MGB <Pirmin.Haas@mgb.ch>; Haldi, Emanuel-MGB <Emanuel.Haldi@mgb.ch>; Meisterhans, Daniel-MGB <Daniel.Meisterhans@mgb.ch>; Mujkanovic, Samir-MGB <Samir.Mujkanovic@mgb.ch>; Nef, Jeffrey-MGB <Jeffrey.Nef@mgb.ch>; Scarsi, Sandro-MGB <Sandro.Scarsi@mgb.ch>; Schärer, Heidi-MGB <Heidi.Schaerer@mgb.ch>; Wendav, Mirco-MGB <Mirco.Wendav@mgb.ch>; Arquint, Nico-MGB <Nico.Arquint@mgb.ch>; Burkhard, Josua-MGB <Josua.Burkhard@mgb.ch>; Corraro, Sergio-MGB <Sergio.Corraro@mgb.ch>; Fisch, Stefan-MGB <Stefan.Fisch@mgb.ch>; Kühnis, Jeremias-MGB <Jeremias.Kuehnis@mgb.ch>; Marques, Samuel-MGB <Samuel.Marques@mgb.ch>; Mburu, James-MGB <James.Mburu@mgb.ch>; Nef, Jeffrey-MGB <Jeffrey.Nef@mgb.ch>; Pütz, Till-MGB <Till.Puetz@mgb.ch>; Scholl, Marco-MGB <Marco.Scholl@mgb.ch>; Wysseier, Stefan-MGB <Stefan.Wysseier@mgb.ch>; Zaugg, Michael-MGB <michael.zaugg@mgb.ch>; Wysseier, Stefan-MGB <Stefan.Wysseier@mgb.ch>; Schnüriger, Amanda-MGB <Amanda.Schnueriger@mgb.ch>; Bodenmüller, Florence-MGB <Florence.Bodenmueller@mgb.ch>; Calabro, Christian-MGB <Christian.Calabro@mgb.ch>; Ladinig, Kathrin-MGB <Kathrin.Ladinig@mgb.ch>; Ackermann, Christian-MGB <Christian.Ackermann@mgb.ch>; Beisswenger, Stefan-MGB <Stefan.Beisswenger@mgb.ch>; Ferrari, Kevin-MGB <Kevin.Ferrari@mgb.ch>; Geiser, Ernst-MGB <Ernst.Geiser@mgb.ch>; Heinemann, Martina-MGB <Martina.Heinemann@mgb.ch>; Kistler, Jolanda-MGB <Jolanda.Kistler@mgb.ch>; Mosch, Michaela-MGB <Michaela.Mosch@mgb.ch>; Reinmann, Anton-MGB <Anton.Reinmann@mgb.ch>; von Stieglitz, Nadine-MGB <Nadine.vonStieglitz@mgb.ch>; Wagner, Regula-MGB <Regula.Wagner@mgb.ch>; Arnold, Martin-EXTERNE <martin.arnold@loewenfels.ch>; Continisio, Giuseppe-MGB <Giuseppe.Continisio@mgb.ch>; Franke, Gerhard-MGB <Gerhard.Franke@mgb.ch>; Menzi, Stefan-MGB <Stefan.Menzi@mgb.ch>; Michel, Thomas-MGB <Thomas.Michel@mgb.ch>; Schweiger, Lukas-MGB <Lukas.Schweiger@mgb.ch>; Zürcher, Peter-MITS-MGB <Peter.Zuercher-MITS@mgb.ch>; Brosenbauch, Maurizio-MGB <Maurizio.Brosenbauch@mgb.ch>; Callegari, Franco-MGB <Franco.Callegari@mgb.ch>; Düsel, Christoph-MGB <Christoph.Duesel@mgb.ch>; Förster, Eduardo-MGB <Eduardo.Foerster@mgb.ch>; Hannak, Jürgen-MGB <Juergen.Hannak@mgb.ch>; Kägi, Severin-MGB <Severin.Kaegi@mgb.ch>; Maggiulli, Ivan-MGB <Ivan.Maggiulli@mgb.ch>; Matzler, Monika-MGB <Monika.Matzler@mgb.ch>; Mauersberger, Daniel-MGB <Daniel.Mauersberger@mgb.ch>; Renner, Thea-MGB <Thea.Renner@mgb.ch>; Schärer, Ernst-MGB <Ernst.Schaerer@mgb.ch>; Temler, Christophe-MGB <Christophe.Temler@mgb.ch>; Torre, Andrea-MGB <Andrea.Torre@mgb.ch>; Benz, Guido-MGB <Guido.Benz@mgb.ch>; Fischer, Marianne-MGB <Marianne.Fischer@mgb.ch>; Fleury, Marc-MGB <Marc.Fleury@mgb.ch>; Fuchs, Kim-MGB <Kim.Fuchs@mgb.ch>; Georgy, Etienne-MGB <Etienne.Georgy@mgb.ch>; Hafner, Michael-MGB <Michael.Hafner@mgb.ch>; Huber, Robin-MGB <Robin.Huber@mgb.ch>; Pilav, Samir-MGB <Samir.Pilav@mgb.ch>; Rabensteiner, Daniel-MGB <Daniel.Rabensteiner@mgb.ch>; Sigrist, Hans Jürg-MGB <HansJuerg.Sigrist@mgb.ch>; Sonderegger, Erich-MGB <Erich.Sonderegger@mgb.ch>; ctx, test46-TEMA <test46.ctx@tema.mgb.ch>; Merz, Alexander-MGB <Alexander.Merz@mgb.ch>; Mucher, Thomas-MGB <Thomas.Mucher@mgb.ch>; Vonäsch, Philip-MGB <Philip.Vonaesch@mgb.ch>; Bucher, Martin-MGB <Martin.Bucher@mgb.ch>; Schmid, Manuel-MITS-MGB <Manuel.Schmid-MITS@mgb.ch>; Specchia, Leonardo-MGB <Leonardo.Specchia@mgb.ch>; Tran, Han Nghia-MGB <HanNghia.Tran@mgb.ch>; Daniels, Matthias-MGB <Matthias.Daniels@mgb.ch>; Hofer, Emanuel-MGB <Emanuel.Hofer@mgb.ch>; Jacomet, Bruno-MGB <Bruno.Jacomet@mgb.ch>; Mona, Biola-MGB <Biola.Mona@mgb.ch>; Neuhauser, Ivo-MGB <Ivo.Neuhauser@mgb.ch>; Adams, Heidi-MGB <Heidi.Adams@mgb.ch>; Knäpple, Rudolf-MGB <Rudolf.Knaepple@mgb.ch>; Ritley, Kenneth-MGB; Troxler, Stefan-MGB <Stefan.Troxler@mgb.ch>; Zeller, André-MGB <Andre.Zeller@mgb.ch>; Ziegler, Romana-MGB <Romana.Ziegler@mgb.ch>; Eichenberger, Kathrin-MGB <Kathrin.Eichenberger@mgb.ch>; Grimm, Oliver-MGB <Oliver.Grimm@mgb.ch>; Holzer, Adrian-MGB <Adrian.Holzer@mgb.ch>; Kistler, Jolanda-MGB <Jolanda.Kistler@mgb.ch>; Sautter, Roland-MGB <Roland.Sautter@mgb.ch>; Villiger, Patrick-MGB <Patrick.Villiger@mgb.ch>; Volkert, Diana-MGB <Diana.Volkert@mgb.ch>; Sulzer, Claudia-MGB <Claudia.Sulzer@mgb.ch>; Villalaz, Marianne-MGB <Marianne.Villalaz@mgb.ch>; Ackermann, Thomas-MGB <Thomas.Ackermann@mgb.ch>; Ackermann, Thomas-MGB <Thomas.Ackermann@mgb.ch>; Hauenstein, Beat-MGB <Beat.Hauenstein@mgb.ch>; Zberg, Peter-MGB <Peter.Zberg@mgb.ch>; Dudle, Martin-MGB <Martin.Dudle@mgb.ch>; Dudle, Martin-MGB <Martin.Dudle@mgb.ch>; Galbraith, George-MGB <George.Galbraith@mgb.ch>; Graber, Lukas-MGB <Lukas.Graber@mgb.ch>; Grabher, Philipp-MGB <Philipp.Grabher@mgb.ch>; Kounitzky, Alexandra-MGB <Alexandra.Kounitzky@mgb.ch>; Sann, Stephan-MGB <Stephan.Sann@mgb.ch>; Berli, Mathias-MGB <Mathias.Berli@mgb.ch>; Kruse, Peter-MGB <Peter.Kruse@mgb.ch>; Regensburger, Markus-MGB <Markus.Regensburger@mgb.ch>; Scarcia, Rocco-MGB <Rocco.Scarcia@mgb.ch>; Schenk, Barbara-MGB <Barbara.Schenk@mgb.ch>; Shanmuganathan, Arun-MGB <Arun.Shanmuganathan@mgb.ch>; Krapf, Joël-MGB <Joel.Krapf@mgb.ch>; Al Habash, Raeif-MGB <Raeif.Alhabash@mgb.ch>; Arquint, Nico-MGB <Nico.Arquint@mgb.ch>; Auf der Maur, Bruno-MGB <Bruno.AufderMaur@mgb.ch>; Beyazkilic, Kaan-MGB <Kaan.Beyazkilic@mgb.ch>; Büchi, Yannik Jérôme-MGB <Yannik.Buechi@mgb.ch>; Christen, Yanick-MGB <Yanick.Christen@mgb.ch>; Ersoy, Nils-MGB <Nils.Ersoy@mgb.ch>; Fischer, Yanik-MGB <Yanik.Fischer@mgb.ch>; Flück, Dominik-MGB <Dominik.Flueck@mgb.ch>; Frei, Rahel-MGB <Rahel.Frei@mgb.ch>; Fuentes, Samuel-MGB <Samuel.Fuentes@mgb.ch>; Gerber, Michael-MITS-MGB <michael.gerber-mits@mgb.ch>; Graf, Laurin-MGB <Laurin.Graf@mgb.ch>; Grob, Nils-Robin-MGB <Nils-Robin.Grob@mgb.ch>; Groner, Vincent-MGB; Heinzer, Colin-MGB <Colin.Heinzer@mgb.ch>; Hilzinger, Alexandra-MGB <Alexandra.Hilzinger@mgb.ch>; Hunkeler, Luca-MGB; Hüppi, Timon-MGB <Timon.Hueppi@mgb.ch>; Jose, Joel-MGB <Joel.Jose@mgb.ch>; Kiss, Philipp-MGB <Philipp.Kiss@mgb.ch>; Kobler, Nico-MGB <Nico.Kobler@mgb.ch>; Koller, Janis-MGB <Janis.Koller@mgb.ch>; Lutz, Nico-MGB <Nico.Lutz@mgb.ch>; Mäder, Nils-MGB <Nils.Maeder@mgb.ch>; Mettler, Gabriel-MGB <Gabriel.Mettler@mgb.ch>; Müller, Kevin-MGB <Kevin.Mueller@mgb.ch>; Ott, Sara-MGB <Sara.Ott@mgb.ch>; Piraccini, Yanick-MGB; Reusser, Sévérine-MGB <Severine.Reusser@mgb.ch>; Ringger, Cédric-MGB; Saul, Dominik-MGB <Dominik.Saul@mgb.ch>; Serretti, Diyar-MGB <diyar.serretti@mgb.ch>; Shanmuganathan, Arun-MGB <Arun.Shanmuganathan@mgb.ch>; Stojanovic, Djordje-MGB <Djordje.Stojanovic@mgb.ch>; Suter, Remo-MGB <Remo.Suter@mgb.ch>; Ujihara, Miki-MGB; Vollenweider, Marc-MGB <Marc.Vollenweider@mgb.ch>; Appl, Thomas-MGB <Thomas.Appl@mgb.ch>; Boesch, Sabrina-MGB <Sabrina.Boesch@mgb.ch>; Ineichen, Cyrill-MGB <Cyrill.Ineichen@mgb.ch>; Kandrical, Raju John-MGB <RajuJohn.Kandrical@mgb.ch>; Katheder, Roger-MGB <Roger.Katheder@mgb.ch>; Bleuler, Richard-MGB <Richard.Bleuler@mgb.ch>; Bliggensdorfer, Oliver-MGB <Oliver.Bliggensdorfer@mgb.ch>; Boesch, Sabrina-MGB <Sabrina.Boesch@mgb.ch>; Bräunling, Yohan-MGB <Yohan.Braeunling@mgb.ch>; Dätwyler, Heinz-MGB <Heinz.Daetwyler@mgb.ch>; Deiss, Nathalie-MGB <Nathalie.Deiss@mgb.ch>; Edelbrock, Matthias-MGB <Matthias.Edelbrock@mgb.ch>; Meier, Silvia-MGB <Silvia.Meier@mgb.ch>; Müller, Daniela-MGB <Daniela.Mueller@mgb.ch>; Paul, Alex-MGB <Alex.Paul@mgb.ch>; Vögeli, Fabian-MGB <Fabian.Voegeli@mgb.ch>; Baumgartner, Lena-MGB <Lena.Baumgartner@mgb.ch>; Lehmann, Beat-MGB <Beat.Lehmann@mgb.ch>; Koller, Daniel-MGB <Daniel.Koller@mgb.ch>; Liener, Rita-MGB <Rita.Liener@mgb.ch>; Bossard, Dominic-MGB <Dominic.Bossard@mgb.ch>; Guirao, Miguel-MGB <Miguel.Guirao@mgb.ch>; Koepke, Alexandra-MGB <Alexandra.Koepke@mgb.ch>; Lehmann, Beat-MGB <Beat.Lehmann@mgb.ch>; Link, Stefanie-MGB <Stefanie.Link@mgb.ch>; Mächler, Ralph-MGB <Ralph.Maechler@mgb.ch>; Müller, Uwe-MGB <Uwe.Mueller@mgb.ch>; Neeser, Christoph-MGB <Christoph.Neeser@mgb.ch>; Agosti, Roberto-MGB <Roberto.Agosti@mgb.ch>; Bryner, René-MGB <Rene.Bryner@mgb.ch>; Cimen, Süleyman-MGB <Sueleyman.Cimen@mgb.ch>; Condné, André-MGB <Andre.Condne@mgb.ch>; Csurgai, Andràs-MGB <Andras.Csurgai@mgb.ch>; Fuentes, Samuel-MGB <Samuel.Fuentes@mgb.ch>; Gasche, Oliver-MGB <Oliver.Gasche@mgb.ch>; Gloor, Martin-MGB <martin.gloor66@mgb.ch>; Gloor, Peter-MGB <Peter.Gloor@mgb.ch>; Gubler-Hofmann, Claudia-MGB <Claudia.Gubler-Hofmann@mgb.ch>; Guirao, Miguel-MGB <Miguel.Guirao@mgb.ch>; Hauri, Michel-MGB <Michel.Hauri@mgb.ch>; Kräuchi, Thomas-MGB <Thomas.Kraeuchi@mgb.ch>; Lambert, Stéphane-MGB <Stephane.Lambert@mgb.ch>; Lange, Carmencita-MGB <Carmencita.Lange@mgb.ch>; Lutz, René-MGB <Rene.Lutz@mgb.ch>; Maffenini, Fabio-MGB <Fabio.Maffenini@mgb.ch>; Meier, Viktor-MGB <Viktor.Meier@mgb.ch>; Mühlethaler-D'Elia, Tiziana-MGB <tiziana.muehlethaler-delia@mgb.ch>; Müller, Kevin-MGB <Kevin.Mueller@mgb.ch>; Müller, Rudolf-MGB <ruedi.mueller@mgb.ch>; Mürset, Carmen-MGB <Carmen.Muerset@mgb.ch>; Nyffeler, Tamara-MGB <Tamara.Nyffeler@mgb.ch>; Fuentes, Samuel-MGB <Samuel.Fuentes@mgb.ch>; Gloor, Peter-MGB <Peter.Gloor@mgb.ch>; Hauri, Michel-MGB <Michel.Hauri@mgb.ch>; Keller, Patrick-MGB <Patrick.Keller@mgb.ch>; Lambert, Stéphane-MGB <Stephane.Lambert@mgb.ch>; Müller, Kevin-MGB <Kevin.Mueller@mgb.ch>; Müller, Rudolf-MGB <ruedi.mueller@mgb.ch>; Prinetti, Matteo-MGB <Matteo.Prinetti@mgb.ch>; Schmid, Michael-MGB <Michael.Schmid@mgb.ch>; Weiskopf, Kurt-MGB <Kurt.Weiskopf@mgb.ch>; Agosti, Roberto-MGB <Roberto.Agosti@mgb.ch>; Antseburov, Alexander-MGB <Alexander.Antseburov@mgb.ch>; Berwolf, Gerald-MGB <Gerald.Berwolf@mgb.ch>; Blag, Radu-MGB <Radu.Blag@mgb.ch>; Decker, Max-MGB <Max.Decker@mgb.ch>; Elia, Nicola-MGB <Nicola.Elia@mgb.ch>; Frisch, Jörg-MGB <Joerg.Frisch@mgb.ch>; Gasche, Oliver-MGB <Oliver.Gasche@mgb.ch>; Gloor, Martin-MGB <martin.gloor66@mgb.ch>; Moersch, Max-MGB <Max.Moersch@mgb.ch>; Mühlethaler-D'Elia, Tiziana-MGB <tiziana.muehlethaler-delia@mgb.ch>; Mühlhäusler, Martin-MGB <Martin.Muehlhaeusler@mgb.ch>; Nyffeler, Tamara-MGB <Tamara.Nyffeler@mgb.ch>; Schuler, Roland-MGB <Roland.Schuler@mgb.ch>; Trillo Lavandeira, Manuela-MGB <Manuela.TrilloLavandeira@mgb.ch>; Tussing, Andreas-MGB <Andreas.Tussing@mgb.ch>; Weiss, Alexander-MGB <Alexander.Weiss@mgb.ch>; Widmer, Monika-MGB <Monika.Widmer@mgb.ch>; Bryner, René-MGB <Rene.Bryner@mgb.ch>; Cimen, Süleyman-MGB <Sueleyman.Cimen@mgb.ch>; Gischig, Timon-MGB; Kindel, Eric-MGB <Eric.Kindel@mgb.ch>; Lutz, René-MGB <Rene.Lutz@mgb.ch>; Mürset, Carmen-MGB <Carmen.Muerset@mgb.ch>; Schmid, Daniel-MGB <daniel.schmid@mgb.ch>; Stalder, Petra-MGB <Petra.Stalder@mgb.ch>; Stalter, Thomas-MGB <Thomas.Stalter@mgb.ch>; Sulser, Werner-MGB <Werner.Sulser@mgb.ch>; Widmer, Hans-Ulrich-MGB <Hans-Ulrich.Widmer@mgb.ch>; Widmer, Monika-MGB <Monika.Widmer@mgb.ch>; Baek, Soeren-MGB <Soeren.Baek@mgb.ch>; Bytyqi, Altin-MGB <Altin.Bytyqi@mgb.ch>; Condné, André-MGB <Andre.Condne@mgb.ch>; Csurgai, Andràs-MGB <Andras.Csurgai@mgb.ch>; Gruner, Fabian-MGB <Fabian.Gruner@mgb.ch>; Lange, Carmencita-MGB <Carmencita.Lange@mgb.ch>; Maffenini, Fabio-MGB <Fabio.Maffenini@mgb.ch>; Orth, Moritz-MGB <Moritz.Orth@mgb.ch>; Prinetti, Matteo-MGB <Matteo.Prinetti@mgb.ch>; Stauber, Beat-MGB <Beat.Stauber@mgb.ch>; Schmid, Daniel-MGB <daniel.schmid@mgb.ch>; Schmid, Michael-MGB <Michael.Schmid@mgb.ch>; Schuler, Roland-MGB <Roland.Schuler@mgb.ch>; Stalder, Petra-MGB <Petra.Stalder@mgb.ch>; Stauber, Beat-MGB <Beat.Stauber@mgb.ch>; Sulser, Werner-MGB <Werner.Sulser@mgb.ch>; Trillo Lavandeira, Manuela-MGB <Manuela.TrilloLavandeira@mgb.ch>; Weiss, Alexander-MGB <Alexander.Weiss@mgb.ch>; Widmer, Hans-Ulrich-MGB <Hans-Ulrich.Widmer@mgb.ch>; Widmer, Monika-MGB <Monika.Widmer@mgb.ch>; Bärtschi, Christian-MGB <Christian.Baertschi@mgb.ch>; Brada, Andrea-MGB <Andrea.Brada@mgb.ch>; Cser, Piroska-MGB <Piroska.Cser@mgb.ch>; Diez Rozas, Esteban-MGB <Esteban.DiezRozas@mgb.ch>; Dolfi, Claudia-MGB <Claudia.Dolfi@mgb.ch>; Epp, André-MGB <Andre.Epp@mgb.ch>; Frei, Rahel-MGB <Rahel.Frei@mgb.ch>; Heinzer, Colin-MGB <Colin.Heinzer@mgb.ch>; Hempen, Roland-MGB <Roland.Hempen@mgb.ch>; Isik, Elvis-MGB <Elvis.Isik@mgb.ch>; Jung, Oliver-MGB <Oliver.Jung@mgb.ch>; Keller, Dieter-MGB <Dieter.Keller@mgb.ch>; Plantiko, Rüdiger-MGB <Ruediger.Plantiko@mgb.ch>; Radulescu, Monica-MGB <Monica.Radulescu@mgb.ch>; Rüegsegger, Dominik-MGB <Dominik.Rueegsegger@mgb.ch>; Stern, Benjamin-MGB <Benjamin.Stern@mgb.ch>; Vollenweider, Marc-MGB <Marc.Vollenweider@mgb.ch>; Wäfler, Roland-MGB <Roland.Waefler@mgb.ch>; Winkler, Michael-MGB <Michael.Winkler@mgb.ch>; Wittstadt, Julian-MGB <Julian.Wittstadt@mgb.ch>; Bader, Philipp-MGB <Philipp.Bader@mgb.ch>; Bayri, Sengül-MGB <Senguel.Bayri@mgb.ch>; Caviezel, Wieland-MGB <Wieland.Caviezel@mgb.ch>; Cerra-Ruppert, Monika-MGB <Monika.Cerra@mgb.ch>; Hoffmann, Jochen-MGB <Jochen.Hoffmann@mgb.ch>; Hofmann, Georg-MGB <Georg.Hofmann@mgb.ch>; Huber, Marcel-MGB <Marcel.Huber@mgb.ch>; Huser, Guido-MGB <Guido.Huser@mgb.ch>; Jeremic, Aleksandar-MGB <Aleksandar.Jeremic@mgb.ch>; Lerch, André-MGB <Andre.Lerch@mgb.ch>; Rapold, Fabio-MGB <Fabio.Rapold@mgb.ch>; Rohrbach, Bruno-MGB <Bruno.Rohrbach@mgb.ch>; Spichiger, Peter-MGB <Peter.Spichiger@mgb.ch>; Caplazi, Silvio-MGB <Silvio.Caplazi@mgb.ch>; Carisch, Meinrad-MGB <Meinrad.Carisch@mgb.ch>; Coray Peterhans, Letizia-MGB <Letizia.Coray@mgb.ch>; Flury, Nathalie-MGB <Nathalie.Flury@mgb.ch>; Gachnang, Andreas-MGB <Andreas.Gachnang@mgb.ch>; Halfmann, Ulrich-MGB <Ulrich.Halfmann@mgb.ch>; Häusermann, Paul-MGB <Paul.Haeusermann@mgb.ch>; Kraekel, Ralf-MGB <Ralf.Kraekel@mgb.ch>; Meierhofer, Jürg-MGB <Juerg.Meierhofer@mgb.ch>; Monai Hass, Manuela-MGB <Manuela.Monai@mgb.ch>; Nonella, Luciano-MGB <Luciano.Nonella@mgb.ch>; Reinle, Geneviève-MGB <Genevieve.Reinle@mgb.ch>; Riesen, Yves-MGB <Yves.Riesen@mgb.ch>; Siegrist, Katrin-MGB <Katrin.Siegrist@mgb.ch>; Vogler, Lukas-MGB <Lukas.Vogler@mgb.ch>; Reimmann, Beat-MGB <Beat.Reimmann@mgb.ch>; Albisser, Beat-MGB <Beat.Albisser@mgb.ch>; Glaus, Anja-MGB <Anja.Glaus@mgb.ch>; Hiltbrunner, Lee-Roy-MGB <Lee-Roy.Hiltbrunner@mgb.ch>; Neeser, Christoph-MGB <Christoph.Neeser@mgb.ch>; Biddau, Massimo-MGB <Massimo.Biddau@mgb.ch>; Campigotto, Ghersom-MGB <Ghersom.Campigotto@mgb.ch>; Cöcelli, Esmender-MGB <Esmender.Coecelli@mgb.ch>; Delli Bovi, Angela-MGB <Angela.DelliBovi@mgb.ch>; Gantner, Andrea-MGB <Andrea.Gantner@mgb.ch>; Isgro, Mario-MGB <Mario.Isgro@mgb.ch>; Kämpfer, Ueli-MGB <Ueli.Kaempfer@mgb.ch>; Schneider, Anita-MGB <Anita.Schneider@mgb.ch>; Varallo, Monica-MGB <Monica.Varallo@mgb.ch>; Varallo, Raffaele-MGB <Raffaele.Varallo@mgb.ch>; Niedermann, Reto-MGB <Reto.Niedermann@mgb.ch>; Seelig, Kai-Uwe-MGB <Kai-Uwe.Seelig@mgb.ch>; Steiner, Daniel-MGB <Daniel.Steiner@mgb.ch>; Beat-MITS, Zahnd-MGB <Beat.Zahnd-MITS@mgb.ch>; Boveda, Ivan-MGB <Ivan.Boveda@mgb.ch>; Gisler, Remo-MGB <Remo.Gisler@mgb.ch>; Lutz, Lukas-MGB <Lukas.Lutz@mgb.ch>; Beat-MITS, Zahnd-MGB <Beat.Zahnd-MITS@mgb.ch>; Boveda, Ivan-MGB <Ivan.Boveda@mgb.ch>; Lutz, Lukas-MGB <Lukas.Lutz@mgb.ch>; Peter, Markus-MGB <Markus.Peter@mgb.ch>; Ristau, Katherina-MGB <Katherina.Ristau@mgb.ch>; Schmölders, Tim-MGB <Tim.Schmoelders@mgb.ch>; Peter, Markus-MGB <Markus.Peter@mgb.ch>; Reckziegel, Tanja-MGB <Tanja.Reckziegel@mgb.ch>; Ristau, Katherina-MGB <Katherina.Ristau@mgb.ch>; Rusch, Martin-MGB <Martin.Rusch@mgb.ch>; Schnell, Philipp-MGB <Philipp.Schnell@mgb.ch>; Tenz, Corin-MGB <Corin.Tenz@mgb.ch>; Vanetta, Nicola-MGB <Nicola.Vanetta@mgb.ch>; Weibel, Alain-MGB <Alain.Weibel@mgb.ch>; Baumgartner, Lena-MGB <Lena.Baumgartner@mgb.ch>; Germann, Fabian-MGB <Fabian.Germann@mgb.ch>; Hertel, Alice-MGB <Alice.Hertel@mgb.ch>; Moser, Erwin-MGB <Erwin.Moser@mgb.ch>; Blöchlinger, Urs-MGB <Urs.Bloechlinger@mgb.ch>; Büren, Adrian-MGB <Adrian.Bueren@mgb.ch>; Di Bella, Lucia-MGB <Lucia.DiBella@mgb.ch>; Geers, Michael-MGB <Michael.Geers@mgb.ch>; Germann, Fabian-MGB <Fabian.Germann@mgb.ch>; Gradenecker, Claudio-MGB <Claudio.Gradenecker@mgb.ch>; Graf, Thomas-MGB <Thomas.Graf@mgb.ch>; Koch, Martin-MITS-MGB <martin.koch-mits@mgb.ch>; Landolt, Rolf-MGB <Rolf.Landolt@mgb.ch>; Lenzinger, Monika-MGB <Monika.Lenzinger@mgb.ch>; Limia, Veronica-MGB; Müller, Dieter-MGB <Dieter.Mueller@mgb.ch>; Roth, Max-MGB <Max.Roth@mgb.ch>; Schleuss, Matthias-MGB <Matthias.Schleuss@mgb.ch>; Walter, Patrick-MGB <Patrick.Walter@mgb.ch>; Wink, Roger-MGB <Roger.Wink@mgb.ch>; Würsch, Adolf-MGB <Adolf.Wuersch@mgb.ch>; Zürcher, Thomas-MGB <Thomas.Zuercher@mgb.ch>; Bächler, Philip-MGB <Philip.Baechler@mgb.ch>; Bähler, Guy-MGB <Guy.Baehler@mgb.ch>; Belic, Sanja-MGB <Sanja.Belic@mgb.ch>; Billeter, Felix Michael-MGB <FelixMichael.Billeter@mgb.ch>; Bühler, Franz-MGB <Franz.Buehler@mgb.ch>; Burkard-Häcki, Brigitte-MGB <Brigitte.Burkard-Haecki@mgb.ch>; Capuano, Rinaldo-MGB <Rinaldo.Capuano@mgb.ch>; Disler, Philipp-MGB <Philipp.Disler@mgb.ch>; Ernst, Ueli-MGB <Ueli.Ernst@mgb.ch>; Fanger, Carmen-MGB <Carmen.Fanger@mgb.ch>; Fischer, David-MGB <David.Fischer@mgb.ch>; Fischer, Philippe-MGB <Philippe.Fischer@mgb.ch>; Flück, Dominik-MGB <Dominik.Flueck@mgb.ch>; Fricker, Herbert-MGB <Herbert.Fricker@mgb.ch>; Garcia, Francisco José-MGB <FranciscoJose.Garcia@mgb.ch>; Hauenstein, Sascha-MGB <Sascha.Hauenstein@mgb.ch>; Imboden, Erna-MGB <Erna.Imboden@mgb.ch>; Iten, Hubert-MGB <Hubert.Iten@mgb.ch>; Joller, Roger-MGB <Roger.Joller@mgb.ch>; Jost, Pius-MGB <Pius.Jost@mgb.ch>; Käser, Christian-MGB <chris.kaeser@mgb.ch>; Küng, Stefan-MGB <Stefan.Kueng@mgb.ch>; Küng, Urs-MGB <Urs.Kueng@mgb.ch>; Künzi, Thomas-MGB <Thomas.Kuenzi@mgb.ch>; Kupferschmid, Stefan-MGB <Stefan.Kupferschmid@mgb.ch>; Lammer, René-MGB <Rene.Lammer@mgb.ch>; Lifart, Marc-MGB <Marc.Lifart@mgb.ch>; Näpflin, Reto-MGB <Reto.Naepflin@mgb.ch>; Natola, Antonio-MGB <Antonio.Natola@mgb.ch>; Pierrehumbert, Sandra-MGB <Sandra.Pierrehumbert@mgb.ch>; Polla, Dario-MGB <Dario.Polla@mgb.ch>; Rinderli, Ivan-MGB <Ivan.Rinderli@mgb.ch>; Sabedini, Veton-MGB <Veton.Sabedini@mgb.ch>; Saul, Dominik-MGB <Dominik.Saul@mgb.ch>; Schlatter, Markus-MGB <Markus.Schlatter@mgb.ch>; Schwarz, Walter-MGB <Walter.Schwarz@mgb.ch>; Schwarzentruber, Peter-MGB <Peter.Schwarzentruber@mgb.ch>; Serretti, Diyar-MGB <diyar.serretti@mgb.ch>; Siegrist, Stefan-MGB <Stefan.Siegrist@mgb.ch>; Spinelli, Nino-MGB <nino.spinelli@mgb.ch>; Stamoulos, Fredy-MGB <fredy.stamoulos@mgb.ch>; Suter, Remo-MGB <Remo.Suter@mgb.ch>; Theisen, Christian-MGB <Christian.Theisen@mgb.ch>; Visona, Andrea-MGB <Andrea.Visona@mgb.ch>; von Arb, Michael-MGB <Michael.vonArb@mgb.ch>; Walker, Marco-MGB <Marco.Walker@mgb.ch>; Walter, Morand-MGB <Morand.Walter@mgb.ch>; Wermelinger, Christoph-MGB <Christoph.Wermelinger@mgb.ch>; Wyler, Armin-MGB <Armin.Wyler@mgb.ch>; Zwahlen, Severin-MGB <Severin.Zwahlen@mgb.ch>; Roggwiller, Ronald-MGB <Ronald.Roggwiller@mgb.ch>; Salanitri, Giovanni-MGB <Giovanni.Salanitri@mgb.ch>; Schnell, Philipp-MGB <Philipp.Schnell@mgb.ch>; Schori, Daniel-MGB <Daniel.Schori@mgb.ch>; Vanetta, Nicola-MGB <Nicola.Vanetta@mgb.ch>